Date,Price,Open,High,Low,Vol.,Change %
"Jan 01, 2019",3809.4,3709.5,3814.3,3664.4,469.11K,2.69%
"Jan 02, 2019",3873.8,3809.7,3894.8,3768.1,554.47K,1.69%
"Jan 03, 2019",3780.1,3874.1,3875.8,3753,450.32K,-2.42%
"Jan 04, 2019",3802.7,3780.5,3823.9,3720,488.70K,0.60%
"Jan 05, 2019",3785.4,3802.8,3846.7,3769,468.45K,-0.46%
"Jan 06, 2019",4004.1,3785.7,4034.1,3758.5,529.89K,5.78%
"Jan 07, 2019",3985.9,4004.3,4028,3945.5,500.88K,-0.45%
"Jan 08, 2019",3971,3985.8,4070.5,3943.1,514.08K,-0.37%
"Jan 09, 2019",3978,3971,4014.2,3957.5,473.42K,0.17%
"Jan 10, 2019",3603.7,3978.9,4007.7,3562.1,697.31K,-9.41%
"Jan 11, 2019",3616.5,3603.3,3655.7,3563.1,551.64K,0.35%
"Jan 12, 2019",3597.2,3616.6,3633.9,3561.3,435.06K,-0.53%
"Jan 13, 2019",3490.2,3597.3,3617.6,3473.2,452.79K,-2.98%
"Jan 14, 2019",3638.1,3490.4,3672,3490.4,539.93K,4.24%
"Jan 15, 2019",3571.3,3637.5,3660.8,3545.7,544.85K,-1.84%
"Jan 16, 2019",3588,3570.6,3644.1,3561.4,487.34K,0.47%
"Jan 17, 2019",3626.4,3588.1,3636.7,3554.8,525.10K,1.07%
"Jan 18, 2019",3605.6,3626.3,3627.9,3575.7,488.16K,-0.57%
"Jan 19, 2019",3677.8,3605.8,3715.2,3604.1,537.06K,2.00%
"Jan 20, 2019",3542.3,3676.2,3699.1,3503.9,563.31K,-3.68%
"Jan 21, 2019",3536.7,3542.7,3561.4,3505.4,394.17K,-0.16%
"Jan 22, 2019",3580.1,3536.9,3607.9,3465.2,447.70K,1.23%
"Jan 23, 2019",3561.5,3580.1,3608.3,3532.8,445.87K,-0.52%
"Jan 24, 2019",3574.3,3561.4,3587,3539.7,428.60K,0.36%
"Jan 25, 2019",3572,3574.3,3582.6,3542.2,448.89K,-0.06%
"Jan 26, 2019",3570.9,3572,3652.5,3556.1,432.55K,-0.03%
"Jan 27, 2019",3555.6,3570.9,3583.2,3509.2,464.02K,-0.43%
"Jan 28, 2019",3442.8,3555.8,3561.2,3395.7,620.85K,-3.17%
"Jan 29, 2019",3414.8,3442.8,3450.1,3368.2,585.46K,-0.81%
"Jan 30, 2019",3460,3414.6,3479,3394.2,600.25K,1.32%
"Jan 31, 2019",3437.2,3460,3484.7,3427,477.07K,-0.66%
"Feb 01, 2019",3467.9,3437.7,3485.7,3415.3,481.58K,0.90%
"Feb 02, 2019",3502.5,3467.9,3514.5,3447.8,443.60K,1.00%
"Feb 03, 2019",3459.1,3502.3,3507.8,3431.3,451.66K,-1.24%
"Feb 04, 2019",3462.8,3459,3479.7,3437.1,503.92K,0.11%
"Feb 05, 2019",3468.4,3463,3485.9,3450.3,460.95K,0.16%
"Feb 06, 2019",3404.3,3468.5,3478,3383.9,514.21K,-1.85%
"Feb 07, 2019",3397.7,3404.9,3421.8,3390.3,471.36K,-0.20%
"Feb 08, 2019",3661.7,3397.3,3721.1,3382.5,699.23K,7.77%
"Feb 09, 2019",3661.4,3661.6,3675.3,3633.2,454.80K,-0.01%
"Feb 10, 2019",3679,3661,3680.6,3617.1,501.90K,0.48%
"Feb 11, 2019",3631.8,3678.8,3681.1,3623.8,517.28K,-1.28%
"Feb 12, 2019",3632,3631.8,3656.4,3594.4,545.82K,0.01%
"Feb 13, 2019",3611.5,3632,3663.5,3599.2,558.02K,-0.56%
"Feb 14, 2019",3592.6,3611.5,3624.5,3580.2,498.14K,-0.52%
"Feb 15, 2019",3604.7,3592.6,3648.3,3581.4,516.21K,0.34%
"Feb 16, 2019",3616.8,3604.7,3641.9,3599.7,485.63K,0.34%
"Feb 17, 2019",3664.2,3616.8,3689.9,3607.9,580.51K,1.31%
"Feb 18, 2019",3896,3664.2,3903.7,3655.1,933.15K,6.33%
"Feb 19, 2019",3914.3,3896.4,3993.8,3863.7,1.44M,0.47%
"Feb 20, 2019",3972.4,3914.3,3983.6,3881.2,698.01K,1.48%
"Feb 21, 2019",3936.6,3972,4011.5,3909.2,668.16K,-0.90%
"Feb 22, 2019",3965.2,3937.4,3983.1,3931.7,649.55K,0.73%
"Feb 23, 2019",4120.4,3965.2,4152.6,3939.4,727.85K,3.91%
"Feb 24, 2019",3755.2,4120.5,4194.2,3738.7,977.78K,-8.86%
"Feb 25, 2019",3833.7,3755.7,3870.7,3753.8,765.87K,2.09%
"Feb 26, 2019",3810.3,3833.5,3845.5,3775,2.09M,-0.61%
"Feb 27, 2019",3814.6,3810.3,3836.4,3701.9,2.82M,0.11%
"Feb 28, 2019",3816.6,3814.6,3883.7,3783.3,2.31M,0.05%
"Mar 01, 2019",3821.9,3816.7,3855.8,3816.4,1.74M,0.14%
"Mar 02, 2019",3823.1,3821.9,3843.2,3783.6,1.61M,0.03%
"Mar 03, 2019",3809.5,3823.2,3836.6,3789.7,1.51M,-0.36%
"Mar 04, 2019",3715.9,3809.7,3828.4,3681.8,2.85M,-2.45%
"Mar 05, 2019",3857.2,3715.9,3873.2,3705.7,3.82M,3.80%
"Mar 06, 2019",3863,3857.2,3887.3,3816.7,2.52M,0.15%
"Mar 07, 2019",3875.1,3863.1,3907.4,3847.9,2.60M,0.32%
"Mar 08, 2019",3865.9,3875.1,3929,3810.7,2.96M,-0.24%
"Mar 09, 2019",3944.3,3865.6,3964,3859.7,2.48M,2.03%
"Mar 10, 2019",3915.2,3944.4,3944.5,3889.2,1.89M,-0.74%
"Mar 11, 2019",3870.3,3915.2,3935.5,3842.4,3.19M,-1.15%
"Mar 12, 2019",3886,3870.3,3900.1,3817.1,2.90M,0.41%
"Mar 13, 2019",3865.1,3885.9,3894.7,3847.4,2.28M,-0.54%
"Mar 14, 2019",3879,3865.1,3914.7,3828.4,2.86M,0.36%
"Mar 15, 2019",3924.3,3879,3935.7,3874.8,3.11M,1.17%
"Mar 16, 2019",4006.4,3924.4,4050.6,3923.7,3.46M,2.09%
"Mar 17, 2019",3981.5,4006.4,4009.8,3956.3,1.87M,-0.62%
"Mar 18, 2019",3990.2,3981.5,4032.3,3958.5,2.62M,0.22%
"Mar 19, 2019",4017,3990.2,4029.9,3972.4,2.99M,0.67%
"Mar 20, 2019",4041.2,4017,4050,3985.3,3.18M,0.60%
"Mar 21, 2019",3982.2,4041.2,4064,3923.8,3.88M,-1.46%
"Mar 22, 2019",3990.4,3982.2,4005.7,3971.8,2.83M,0.21%
"Mar 23, 2019",4002.5,3990.4,4018.2,3980.8,2.00M,0.30%
"Mar 24, 2019",3994.7,4002.6,4005.7,3967,2.04M,-0.20%
"Mar 25, 2019",3937,3994.8,4000.5,3897.9,2.86M,-1.44%
"Mar 26, 2019",3942.8,3937.1,3950.7,3899.9,2.53M,0.15%
"Mar 27, 2019",4041.7,3942.8,4043.3,3936.2,2.78M,2.51%
"Mar 28, 2019",4025.6,4041.7,4041.7,4008.4,2.11M,-0.40%
"Mar 29, 2019",4102.2,4025.7,4123.1,4022.6,3.30M,1.90%
"Mar 30, 2019",4111.8,4103.7,4138.1,4057.1,2.55M,0.23%
"Mar 31, 2019",4102.3,4111.8,4121.9,4082.2,2.43M,-0.23%
"Apr 01, 2019",4145.1,4102.3,4159.1,4076.8,3.22M,1.04%
"Apr 02, 2019",4859.3,4145.1,4899.6,4143.5,14.77M,17.23%
"Apr 03, 2019",4968.7,4859.3,5278.4,4814,13.83M,2.25%
"Apr 04, 2019",4902.4,4968.7,5042.5,4789.2,1.05M,-1.33%
"Apr 05, 2019",5010.2,4902.5,5029.4,4888.3,851.72K,2.20%
"Apr 06, 2019",5046.2,5010,5198.4,4947.9,952.18K,0.72%
"Apr 07, 2019",5173.6,5046.1,5219.5,5033.7,841.27K,2.53%
"Apr 08, 2019",5245.2,5173.5,5300.6,5060.5,928.23K,1.38%
"Apr 09, 2019",5158.4,5245,5245.9,5095.2,784.62K,-1.65%
"Apr 10, 2019",5307.8,5158.4,5404.1,5142.9,837.51K,2.89%
"Apr 11, 2019",5022.6,5307.7,5337,4948,943.49K,-5.37%
"Apr 12, 2019",5054.2,5022.7,5080.5,4889.2,779.14K,0.63%
"Apr 13, 2019",5051.8,5054.2,5093.4,5011.6,577.16K,-0.05%
"Apr 14, 2019",5134.8,5052,5153.5,5010.7,566.38K,1.64%
"Apr 15, 2019",5032.3,5135.1,5168,4964.2,688.20K,-2.00%
"Apr 16, 2019",5180.9,5031.4,5198.4,5014.4,631.05K,2.95%
"Apr 17, 2019",5208.3,5182.1,5230.9,5165.5,806.52K,0.53%
"Apr 18, 2019",5264.7,5208.3,5293.1,5205,727.97K,1.08%
"Apr 19, 2019",5241,5264.8,5282.4,5192.1,787.09K,-0.45%
"Apr 20, 2019",5290.2,5241,5327,5240.2,782.32K,0.94%
"Apr 21, 2019",5243.5,5290.2,5308.2,5189.8,811.41K,-0.88%
"Apr 22, 2019",5346.7,5248.2,5370.2,5170.2,920.77K,1.97%
"Apr 23, 2019",5511.6,5346.5,5594.4,5291.4,900.00K,3.08%
"Apr 24, 2019",5415.6,5511.2,5589.6,5346.8,994.04K,-1.74%
"Apr 25, 2019",5209.1,5415.6,5528.2,5137.4,955.36K,-3.81%
"Apr 26, 2019",5298.3,5209.2,5469.3,5159.3,1.03M,1.71%
"Apr 27, 2019",5265.9,5298.2,5318.1,5225.4,833.13K,-0.61%
"Apr 28, 2019",5302.3,5265.7,5332.5,5234.4,681.41K,0.69%
"Apr 29, 2019",5235,5302.4,5322.9,5188.9,775.82K,-1.27%
"Apr 30, 2019",5320.8,5235.4,5336.6,5195.9,697.42K,1.64%
"May 01, 2019",5384.2,5321.1,5396.3,5319.5,623.64K,1.19%
"May 02, 2019",5493.8,5384.6,5530.8,5370,722.23K,2.04%
"May 03, 2019",5766.8,5493.6,5844.2,5478.7,1.04M,4.97%
"May 04, 2019",5830.9,5768,5899.2,5605,920.61K,1.11%
"May 05, 2019",5774.9,5830.8,5838.2,5708.2,709.02K,-0.96%
"May 06, 2019",5745.1,5775.1,5801.4,5630.5,755.39K,-0.52%
"May 07, 2019",5849.5,5745.5,6019.8,5745.5,955.88K,1.82%
"May 08, 2019",5990.3,5849.4,6011.3,5799.1,757.13K,2.41%
"May 09, 2019",6191.5,5990.5,6206,5990,799.96K,3.36%
"May 10, 2019",6386,6194.3,6466.6,6157.8,907.94K,3.14%
"May 11, 2019",7190.3,6386.6,7373.8,6386.5,1.31M,12.59%
"May 12, 2019",6984.8,7190,7518.9,6802.6,1.35M,-2.86%
"May 13, 2019",7806,6984.7,8058.3,6893.1,1.20M,11.76%
"May 14, 2019",7994.6,7806.4,8323.9,7674,1.33M,2.42%
"May 15, 2019",8164.6,7994.8,8225.3,7856.5,1.13M,2.13%
"May 16, 2019",7871.8,8164.8,8293.3,7720.4,1.18M,-3.59%
"May 17, 2019",7359.5,7871.9,7924,6998.6,1.43M,-6.51%
"May 18, 2019",7262.6,7359.9,7458.5,7189.4,865.53K,-1.32%
"May 19, 2019",8157.2,7261.9,8253.4,7252.3,1.08M,12.32%
"May 20, 2019",7965.3,8156.4,8156.4,7604,958.81K,-2.35%
"May 21, 2019",7930.3,7965,8056.8,7813.2,804.88K,-0.44%
"May 22, 2019",7635.7,7928.7,7999,7545.9,821.40K,-3.72%
"May 23, 2019",7852.1,7637.2,7939.1,7486.8,815.14K,2.83%
"May 24, 2019",7970.1,7852.8,8124.1,7775.4,868.47K,1.50%
"May 25, 2019",8027.4,7971.4,8090.1,7919.1,691.27K,0.72%
"May 26, 2019",8630.2,8029.6,8718.6,7866.5,872.12K,7.51%
"May 27, 2019",8760.1,8628.9,8902.8,8607.3,907.96K,1.51%
"May 28, 2019",8716.3,8759.4,8794.1,8568.8,763.20K,-0.50%
"May 29, 2019",8647.8,8715.6,8747.2,8435.3,15.43M,-0.79%
"May 30, 2019",8271.9,8647.8,9045.9,8054.7,1.04M,-4.35%
"May 31, 2019",8558.3,8271.4,8578.8,8135,858.41K,3.46%
"Jun 01, 2019",8545.7,8556.9,8615.8,8454,686.75K,-0.15%
"Jun 02, 2019",8728.6,8545.8,8807.7,8534.8,614.54K,2.14%
"Jun 03, 2019",8124.8,8728.6,8734.9,8102.7,739.45K,-6.92%
"Jun 04, 2019",7685.5,8118.1,8118.1,7494,966.95K,-5.41%
"Jun 05, 2019",7779.1,7685.6,7885,7590.4,762.94K,1.22%
"Jun 06, 2019",7784.9,7779.6,7861.4,7480.4,651.82K,0.08%
"Jun 07, 2019",7985.2,7785.8,8099.4,7749.4,588.87K,2.57%
"Jun 08, 2019",7901.4,7985.3,8044.4,7770.5,485.81K,-1.05%
"Jun 09, 2019",7635,7901.6,7937.5,7516.9,554.48K,-3.37%
"Jun 10, 2019",7987.8,7635,8012.8,7523.6,641.38K,4.62%
"Jun 11, 2019",7888,7987.8,8010.4,7714.5,579.00K,-1.25%
"Jun 12, 2019",8133.1,7888,8198.1,7805.8,607.89K,3.11%
"Jun 13, 2019",8219,8132.4,8306.1,8028.6,574.21K,1.06%
"Jun 14, 2019",8656.1,8218.6,8685.3,8153.2,643.17K,5.32%
"Jun 15, 2019",8812.5,8655.8,8856.7,8582.3,608.69K,1.81%
"Jun 16, 2019",8962.5,8812.2,9332,8771.1,849.77K,1.70%
"Jun 17, 2019",9318.8,8961,9438.1,8959.8,738.80K,3.98%
"Jun 18, 2019",9080.6,9318.9,9336.1,8962.7,723.17K,-2.56%
"Jun 19, 2019",9255.4,9080.7,9295.1,9044,587.57K,1.93%
"Jun 20, 2019",9517,9255,9583.9,9188.4,693.62K,2.83%
"Jun 21, 2019",10179.3,9517.7,10184.3,9517.4,769.12K,6.96%
"Jun 22, 2019",10721.7,10178.1,11160.5,10031.3,1.09M,5.33%
"Jun 23, 2019",10897.1,10721.5,11361.3,10557.8,683.79K,1.64%
"Jun 24, 2019",11046.4,10897.3,11114.4,10622.6,566.96K,1.37%
"Jun 25, 2019",11809.9,11046.6,11833.9,11033.7,781.09K,6.91%
"Jun 26, 2019",13063.8,11811.6,13929.8,11747.3,1.48M,10.62%
"Jun 27, 2019",11287.8,13062.4,13422,10493.5,1.59M,-13.59%
"Jun 28, 2019",12409.1,11288.4,12461.8,10970.5,1.09M,9.93%
"Jun 29, 2019",11906.5,12408,12422.9,11490.8,834.62K,-4.05%
"Jun 30, 2019",10818.6,11906,12179.3,10765.4,880.77K,-9.14%
"Jul 01, 2019",10616.6,10821.4,11254.5,10041.6,1.04M,-1.87%
"Jul 02, 2019",10835.9,10615.5,10923.5,9728.5,1.12M,2.07%
"Jul 03, 2019",11900.8,10835.9,11931.8,10835.9,998.73K,9.83%
"Jul 04, 2019",11163.1,11899.3,11948,11087.1,840.34K,-6.20%
"Jul 05, 2019",10970.2,11159.7,11381.8,10810.3,772.67K,-1.73%
"Jul 06, 2019",11268,10969.8,11650.2,10967.9,688.96K,2.71%
"Jul 07, 2019",11415.9,11267.9,11524.6,11108.1,601.93K,1.31%
"Jul 08, 2019",12252.6,11415.8,12332.3,11304.8,695.60K,7.33%
"Jul 09, 2019",12541.5,12250.6,12772.9,12111.2,847.84K,2.36%
"Jul 10, 2019",12110.6,12542.8,13134.4,11594.9,1.11M,-3.44%
"Jul 11, 2019",11342.3,12111.6,12111.6,11029,943.13K,-6.34%
"Jul 12, 2019",11762.1,11343.7,11881.4,11109.8,738.17K,3.70%
"Jul 13, 2019",11364.9,11762.8,11798.4,10839.4,747.71K,-3.38%
"Jul 14, 2019",10200.1,11364.3,11448.7,10128.9,840.76K,-10.25%
"Jul 15, 2019",10845.9,10199.9,11064.7,9885.4,956.52K,6.33%
"Jul 16, 2019",9424.8,10844,11019.5,9375.3,1.05M,-13.10%
"Jul 17, 2019",9723.2,9425.1,9983.6,9082.6,1.03M,3.17%
"Jul 18, 2019",10651.4,9723.1,10787.1,9390,974.49K,9.55%
"Jul 19, 2019",10571.5,10651.6,10758.4,10160.7,727.79K,-0.75%
"Jul 20, 2019",10826.7,10571.9,11155.6,10462,668.94K,2.41%
"Jul 21, 2019",10714.4,10827,10883.8,10442.5,562.17K,-1.04%
"Jul 22, 2019",10412.5,10715.1,10806.3,10196.5,591.27K,-2.82%
"Jul 23, 2019",9888.7,10412.8,10414.7,9865.4,663.38K,-5.03%
"Jul 24, 2019",9804.3,9887.2,9945.3,9584,639.54K,-0.85%
"Jul 25, 2019",9945.3,9804.7,10203.5,9776.6,545.85K,1.44%
"Jul 26, 2019",9831,9945.2,10436.1,9724.2,493.75K,-1.15%
"Jul 27, 2019",9492.1,9830.4,10232.3,9389.1,661.89K,-3.45%
"Jul 28, 2019",9727.8,9491.1,9798.5,9401.1,518.59K,2.48%
"Jul 29, 2019",9580.9,9728.5,9835.4,9502.5,510.90K,-1.51%
"Jul 30, 2019",9580.7,9580,9703,9483,511.51K,0.00%
"Jul 31, 2019",10082,9580.3,10100,9562.4,589.84K,5.23%
"Aug 01, 2019",10380,10081.9,10459,9890.6,608.37K,2.96%
"Aug 02, 2019",10520.1,10380.5,10664.8,10330.5,578.29K,1.35%
"Aug 03, 2019",10815.7,10519.9,10893.6,10504.5,508.75K,2.81%
"Aug 04, 2019",10934.6,10816.1,11017.7,10568.8,585.71K,1.10%
"Aug 05, 2019",11816.8,10934.8,11922.3,10934.8,769.63K,8.07%
"Aug 06, 2019",11480.9,11817.6,12291.9,11237,807.58K,-2.84%
"Aug 07, 2019",12013.9,11481,12114.5,11406.4,702.85K,4.64%
"Aug 08, 2019",12191.6,12015.9,12236.6,11727,592.15K,1.48%
"Aug 09, 2019",12089.8,12190,12225.3,11885,558.72K,-0.84%
"Aug 10, 2019",11314.5,12090.5,12185,11281.6,570.74K,-6.41%
"Aug 11, 2019",11517.2,11314.6,11728.4,11146.1,435.83K,1.79%
"Aug 12, 2019",11394.2,11505.1,11508.6,11267.3,391.08K,-1.07%
"Aug 13, 2019",10892.9,11395,11445.6,10793.2,540.78K,-4.40%
"Aug 14, 2019",10049.4,10894.2,10894.5,9965.5,745.59K,-7.74%
"Aug 15, 2019",10303.4,10053.3,10448.2,9580.1,930.05K,2.53%
"Aug 16, 2019",10335.6,10300.9,10734,9788.6,798.67K,0.31%
"Aug 17, 2019",10218.1,10335.5,10460.7,10016.3,497.77K,-1.14%
"Aug 18, 2019",10312.7,10219.3,10494.9,10086.7,441.11K,0.93%
"Aug 19, 2019",10910.7,10312.8,10923.9,10267.8,519.01K,5.80%
"Aug 20, 2019",10752.6,10911.2,10941.6,10581,515.47K,-1.45%
"Aug 21, 2019",10141.5,10753.3,10797.8,9908,717.65K,-5.68%
"Aug 22, 2019",10105,10141.1,10218.2,9777,520.75K,-0.36%
"Aug 23, 2019",10388.7,10104.9,10434.3,9921.4,436.26K,2.81%
"Aug 24, 2019",10131,10389.4,10415.9,9917.5,463.85K,-2.48%
"Aug 25, 2019",10136.3,10132.1,10307,9935.2,422.53K,0.05%
"Aug 26, 2019",10371.8,10136,10568.2,10136,568.77K,2.32%
"Aug 27, 2019",10184.8,10372.2,10387.6,10060.2,419.81K,-1.80%
"Aug 28, 2019",9729.4,10184.7,10271.3,9629.6,580.29K,-4.47%
"Aug 29, 2019",9491,9729.1,9729.1,9343,509.13K,-2.45%
"Aug 30, 2019",9585.4,9494.1,9675.7,9370.2,413.92K,0.99%
"Aug 31, 2019",9594.4,9585.5,9677.5,9457.3,311.49K,0.09%
"Sep 01, 2019",9729.3,9594.7,9799.5,9533.6,322.66K,1.41%
"Sep 02, 2019",10348.8,9728.8,10431.5,9720.3,542.79K,6.37%
"Sep 03, 2019",10612.3,10348.1,10756.8,10283.5,578.79K,2.55%
"Sep 04, 2019",10568.2,10611.6,10783.6,10388.6,504.45K,-0.42%
"Sep 05, 2019",10566.9,10567.8,10630.7,10469.9,402.09K,-0.01%
"Sep 06, 2019",10309.3,10566.7,10896.2,10227.4,643.02K,-2.44%
"Sep 07, 2019",10461.1,10306.9,10556.4,10302.3,393.57K,1.47%
"Sep 08, 2019",10402.8,10461.6,10578,10266.3,339.73K,-0.56%
"Sep 09, 2019",10309,10402.1,10478,10095.7,473.76K,-0.90%
"Sep 10, 2019",10105.4,10308.7,10379.8,9970.7,383.22K,-1.98%
"Sep 11, 2019",10162.5,10104.9,10257.5,9908.9,413.06K,0.57%
"Sep 12, 2019",10415.1,10162.4,10447.9,10051,413.22K,2.49%
"Sep 13, 2019",10342.1,10415.2,10441.4,10174.1,365.52K,-0.70%
"Sep 14, 2019",10337.3,10342.2,10421.4,10253.7,326.44K,-0.05%
"Sep 15, 2019",10311.5,10337.3,10360.4,10272,255.79K,-0.25%
"Sep 16, 2019",10255.5,10311.3,10360.5,10108.5,372.53K,-0.54%
"Sep 17, 2019",10195.7,10254.6,10273.6,10153.5,321.64K,-0.58%
"Sep 18, 2019",10164.7,10195.7,10257.5,10119.3,318.82K,-0.30%
"Sep 19, 2019",10250.5,10164.6,10297.6,9707.6,542.25K,0.84%
"Sep 20, 2019",10172.7,10251.5,10279.5,10088.6,362.07K,-0.76%
"Sep 21, 2019",9993,10172.8,10177.9,9939.8,326.17K,-1.77%
"Sep 22, 2019",10031.6,9993,10075,9870.9,337.06K,0.39%
"Sep 23, 2019",9702.2,10031.3,10048.8,9656.3,431.10K,-3.28%
"Sep 24, 2019",8513.9,9702.7,9793.8,8069.4,933.16K,-12.25%
"Sep 25, 2019",8432.4,8512.3,8729.8,8245.1,696.11K,-0.96%
"Sep 26, 2019",8063.8,8432.5,8463.1,7773.6,731.03K,-4.37%
"Sep 27, 2019",8184.9,8063.8,8257.4,7882.1,561.40K,1.50%
"Sep 28, 2019",8208.5,8184.5,8297.2,8031.1,457.79K,0.29%
"Sep 29, 2019",8049.1,8208,8226.8,7922.1,418.48K,-1.94%
"Sep 30, 2019",8284.3,8048.9,8318.5,7749,600.26K,2.92%
"Oct 01, 2019",8302.7,8285,8486.2,8187.9,533.95K,0.22%
"Oct 02, 2019",8364.1,8302.7,8374,8167.7,405.86K,0.74%
"Oct 03, 2019",8226.9,8363.6,8391.7,8090.1,460.97K,-1.64%
"Oct 04, 2019",8148.1,8227.6,8233.6,8041.4,416.92K,-0.96%
"Oct 05, 2019",8127.3,8148,8185.1,8030.6,360.92K,-0.25%
"Oct 06, 2019",7881.9,8127.3,8145.5,7834.9,448.80K,-3.02%
"Oct 07, 2019",8198.6,7882.6,8293.5,7797,604.74K,4.02%
"Oct 08, 2019",8182.9,8198.5,8323.1,8118.1,469.04K,-0.19%
"Oct 09, 2019",8566.7,8180.1,8655.9,8122.7,636.43K,4.69%
"Oct 10, 2019",8562.3,8566.8,8638.5,8438.7,511.46K,-0.05%
"Oct 11, 2019",8267.8,8562.2,8751.1,8249.7,667.86K,-3.44%
"Oct 12, 2019",8304.4,8267.6,8394.8,8260.9,424.02K,0.44%
"Oct 13, 2019",8281.5,8304.3,8450.2,8190.6,419.87K,-0.28%
"Oct 14, 2019",8353.3,8281.3,8374.3,8222.2,505.02K,0.87%
"Oct 15, 2019",8167.2,8353.4,8400.2,8139.5,469.73K,-2.23%
"Oct 16, 2019",8000.4,8167.1,8185.9,7929.8,538.92K,-2.04%
"Oct 17, 2019",8073.3,8000.4,8118.2,7944.4,444.95K,0.91%
"Oct 18, 2019",7948.5,8073.3,8116.4,7842,505.79K,-1.55%
"Oct 19, 2019",7957.3,7948.3,8060.2,7892.4,428.83K,0.11%
"Oct 20, 2019",8223.4,7957.4,8288.5,7889.6,513.91K,3.34%
"Oct 21, 2019",8208.2,8224.1,8315.3,8155.7,489.40K,-0.18%
"Oct 22, 2019",8031.4,8207.4,8289.1,8017.7,570.39K,-2.15%
"Oct 23, 2019",7477,8031,8055,7329.2,892.08K,-6.90%
"Oct 24, 2019",7422.7,7476.8,7501.5,7366.3,586.49K,-0.73%
"Oct 25, 2019",8658.3,7422.8,8697.7,7404.9,1.18M,16.65%
"Oct 26, 2019",9230.6,8658.4,10540,8061.8,1.78M,6.61%
"Oct 27, 2019",9529.6,9230.6,9773.2,9081,1.16M,3.24%
"Oct 28, 2019",9207.2,9530.1,9866.9,9202.5,1.04M,-3.38%
"Oct 29, 2019",9411.3,9206.5,9531.3,9125.3,918.48K,2.22%
"Oct 30, 2019",9157.9,9411.3,9411.3,9018.4,789.73K,-2.69%
"Oct 31, 2019",9152.6,9157.9,9378.9,8959.6,798.93K,-0.06%
"Nov 01, 2019",9230.1,9153.1,9270.4,9057.2,689.65K,0.85%
"Nov 02, 2019",9300.6,9230.3,9356.7,9201.2,570.74K,0.76%
"Nov 03, 2019",9198.3,9300.5,9359.1,9095,536.56K,-1.10%
"Nov 04, 2019",9396.4,9198.7,9500.4,9134.1,681.01K,2.15%
"Nov 05, 2019",9310.8,9396.1,9452.7,9193.9,653.42K,-0.91%
"Nov 06, 2019",9338.9,9311.2,9424.6,9262.7,578.03K,0.30%
"Nov 07, 2019",9223.5,9339.2,9367,9130,603.54K,-1.24%
"Nov 08, 2019",8778.2,9223.6,9254.8,8722.4,791.79K,-4.83%
"Nov 09, 2019",8804.5,8778.1,8877.5,8746.9,512.02K,0.30%
"Nov 10, 2019",9036.8,8804.7,9092.9,8763.5,581.57K,2.64%
"Nov 11, 2019",8736.9,9036.9,9066.4,8649.4,601.16K,-3.32%
"Nov 12, 2019",8812.6,8737.4,8841.2,8615.7,575.16K,0.87%
"Nov 13, 2019",8783.1,8813.2,8829.7,8721.1,454.33K,-0.33%
"Nov 14, 2019",8661.2,8782.9,8799.8,8615.8,515.43K,-1.39%
"Nov 15, 2019",8476.3,8660.8,8761.8,8437.1,653.71K,-2.13%
"Nov 16, 2019",8497.3,8476.2,8532.8,8450.7,471.16K,0.25%
"Nov 17, 2019",8509.8,8497.4,8631.7,8413,531.22K,0.15%
"Nov 18, 2019",8208.4,8510.3,8516.3,8110.4,692.60K,-3.54%
"Nov 19, 2019",8145.7,8207.7,8245.6,8032.8,654.27K,-0.76%
"Nov 20, 2019",8099.3,8145.7,8223,8074.2,607.27K,-0.57%
"Nov 21, 2019",7627.9,8099.4,8129.6,7519.7,891.50K,-5.82%
"Nov 22, 2019",7272.5,7627.9,7700.9,6818.5,1.41M,-4.66%
"Nov 23, 2019",7324.1,7271.6,7342.5,7093.7,783.18K,0.71%
"Nov 24, 2019",6924.7,7325,7344.1,6894.9,904.50K,-5.45%
"Nov 25, 2019",7115.6,6924.7,7352.8,6534.8,1.29M,2.76%
"Nov 26, 2019",7162.8,7115.5,7329.5,7045.1,844.27K,0.66%
"Nov 27, 2019",7510.6,7162.8,7636.9,6875.4,996.49K,4.86%
"Nov 28, 2019",7426.7,7510.6,7639.5,7380.6,737.58K,-1.12%
"Nov 29, 2019",7742.7,7426.6,7825.3,7412.3,766.71K,4.26%
"Nov 30, 2019",7546.6,7742.7,7787.7,7472.7,650.60K,-2.53%
"Dec 01, 2019",7396.4,7546.5,7546.5,7244.4,777.00K,-1.99%
"Dec 02, 2019",7298.2,7395.9,7433.8,7173.6,687.78K,-1.33%
"Dec 03, 2019",7291.8,7298.1,7389.4,7227.1,548.77K,-0.09%
"Dec 04, 2019",7204.4,7291.9,7702.2,7113.6,971.75K,-1.20%
"Dec 05, 2019",7399.2,7204.6,7476.3,7184,780.78K,2.70%
"Dec 06, 2019",7530.8,7399.2,7552.1,7329.8,706.10K,1.78%
"Dec 07, 2019",7510.9,7530.4,7595.7,7489.6,557.14K,-0.26%
"Dec 08, 2019",7524.4,7510.8,7576.4,7416.7,499.04K,0.18%
"Dec 09, 2019",7355.8,7524.8,7626,7321.6,648.66K,-2.24%
"Dec 10, 2019",7235.7,7356.2,7400.3,7192.1,609.50K,-1.63%
"Dec 11, 2019",7208,7235.8,7284.4,7168.8,518.40K,-0.38%
"Dec 12, 2019",7208,7208,7272.4,7124.6,611.80K,0.00%
"Dec 13, 2019",7255.2,7208.4,7288,7200.3,503.49K,0.65%
"Dec 14, 2019",7080.8,7255.2,7267.4,7043.3,524.56K,-2.40%
"Dec 15, 2019",7128.5,7080.8,7175.8,7033.8,492.58K,0.67%
"Dec 16, 2019",6903.5,7128.5,7153.1,6864.6,689.56K,-3.16%
"Dec 17, 2019",6613.3,6903.5,6943.5,6575,894.55K,-4.20%
"Dec 18, 2019",7276,6613.5,7387.7,6462.2,1.14M,10.02%
"Dec 19, 2019",7165.5,7276.4,7354,7039.3,778.72K,-1.52%
"Dec 20, 2019",7196.4,7165.5,7218.4,7107.7,627.04K,0.43%
"Dec 21, 2019",7156.2,7196.4,7197.6,7129.6,468.74K,-0.56%
"Dec 22, 2019",7495.8,7156.3,7501.1,7142,677.94K,4.74%
"Dec 23, 2019",7322.8,7496.2,7684,7276.2,952.16K,-2.31%
"Dec 24, 2019",7268.3,7322.4,7433.2,7185.7,785.54K,-0.74%
"Dec 25, 2019",7224.8,7268.3,7542.4,7150.9,625.41K,-0.60%
"Dec 26, 2019",7210.9,7225,7414.3,7177.3,795.09K,-0.19%
"Dec 27, 2019",7261.7,7210.8,7293.8,7128.5,718.07K,0.70%
"Dec 28, 2019",7321.5,7261.9,7375.9,7256.5,610.96K,0.82%
"Dec 29, 2019",7397.5,7321.6,7518.9,7303,611.69K,1.04%
"Dec 30, 2019",7261.8,7397.5,7420.9,7244.1,606.11K,-1.84%
"Dec 31, 2019",7196.4,7261.5,7331,7167.4,586.60K,-0.90%
"Jan 01, 2020",7199.8,7196.4,7259.4,7180,420.28K,0.05%
"Jan 02, 2020",6967,7199.7,7209.6,6901.4,632.78K,-3.23%
"Jan 03, 2020",7343.1,6967.1,7402.9,6884.1,936.29K,5.40%
"Jan 04, 2020",7376.8,7345.1,7433.1,7291.4,523.91K,0.46%
"Jan 05, 2020",7372.5,7376.8,7501,7345.6,628.14K,-0.06%
"Jan 06, 2020",7759.1,7372.6,7783.1,7366.7,786.75K,5.24%
"Jan 07, 2020",8155.7,7759.1,8182,7754.1,1.01M,5.11%
"Jan 08, 2020",8059.6,8154.2,8436.4,7900.8,1.19M,-1.18%
"Jan 09, 2020",7842.4,8060,8065.9,7779.2,786.50K,-2.70%
"Jan 10, 2020",8187.1,7842.5,8187.4,7697.7,1.05M,4.40%
"Jan 11, 2020",8024.1,8187.8,8262.9,8008.4,776.75K,-1.99%
"Jan 12, 2020",8187.6,8023.3,8189.9,7973.1,595.22K,2.04%
"Jan 13, 2020",8111.4,8188.3,8196.7,8068.4,610.66K,-0.93%
"Jan 14, 2020",8829.2,8111.2,8898.7,8111.2,1.48M,8.85%
"Jan 15, 2020",8818.3,8827.9,8904,8615.5,1.17M,-0.12%
"Jan 16, 2020",8726.9,8818.1,8850,8605.8,748.32K,-1.04%
"Jan 17, 2020",8913.1,8726.7,9005.1,8675.9,794.11K,2.13%
"Jan 18, 2020",8916.3,8913,8982.3,8814.6,627.74K,0.04%
"Jan 19, 2020",8706.2,8916.3,9183.7,8552.8,975.01K,-2.36%
"Jan 20, 2020",8641.9,8705.7,8740.1,8539.2,599.06K,-0.74%
"Jan 21, 2020",8732.6,8642,8770.3,8524,540.20K,1.05%
"Jan 22, 2020",8678.5,8733,8805.4,8610.8,509.06K,-0.62%
"Jan 23, 2020",8405.1,8678.5,8687.3,8309.6,722.67K,-3.15%
"Jan 24, 2020",8439.9,8404.9,8522,8242.6,617.02K,0.41%
"Jan 25, 2020",8341.6,8439.9,8447.6,8277.2,444.00K,-1.17%
"Jan 26, 2020",8607.8,8341.6,8607.8,8304.9,468.34K,3.19%
"Jan 27, 2020",8866.6,8608.1,8983.1,8585.6,706.45K,3.01%
"Jan 28, 2020",9377.3,8866.6,9389.5,8866.6,954.20K,5.76%
"Jan 29, 2020",9298.9,9377.3,9428.7,9250.9,749.88K,-0.84%
"Jan 30, 2020",9507.3,9299.1,9569,9209.2,765.21K,2.24%
"Jan 31, 2020",9349.1,9508.3,9525,9222.3,633.37K,-1.66%
"Feb 01, 2020",9381.6,9349.3,9458.8,9301.5,458.42K,0.35%
"Feb 02, 2020",9334.9,9381.5,9465.4,9183.1,683.37K,-0.50%
"Feb 03, 2020",9296.6,9334.6,9582.8,9243.1,701.39K,-0.41%
"Feb 04, 2020",9193.9,9296.5,9347.5,9193.9,651.68K,-1.10%
"Feb 05, 2020",9611.8,9194.1,9726.8,9179.9,771.46K,4.54%
"Feb 06, 2020",9772,9611.8,9854.9,9536.1,778.67K,1.67%
"Feb 07, 2020",9818.6,9771.9,9872.5,9738.7,608.96K,0.48%
"Feb 08, 2020",9895.5,9817.3,9931.2,9673.2,551.31K,0.78%
"Feb 09, 2020",10151.5,9895.4,10157.1,9882.7,617.35K,2.59%
"Feb 10, 2020",9854.1,10151.5,10181.7,9774.8,781.22K,-2.93%
"Feb 11, 2020",10229.5,9854,10314.1,9725.1,791.28K,3.81%
"Feb 12, 2020",10317.7,10229.3,10435.6,10229.3,803.25K,0.86%
"Feb 13, 2020",10235.1,10321.9,10482.6,10116.9,940.30K,-0.80%
"Feb 14, 2020",10333,10235.5,10372.4,10125.2,732.51K,0.96%
"Feb 15, 2020",9907.7,10336,10369.8,9831.7,808.81K,-4.12%
"Feb 16, 2020",9932.3,9907.4,10056.4,9654.9,808.91K,0.25%
"Feb 17, 2020",9701.4,9931.7,9951.5,9468.9,961.88K,-2.32%
"Feb 18, 2020",10158.4,9701.5,10230.1,9601.6,945.91K,4.71%
"Feb 19, 2020",9609.4,10158.6,10230.9,9424.3,905.95K,-5.40%
"Feb 20, 2020",9602.4,9611.9,9681.4,9448.9,870.80K,-0.07%
"Feb 21, 2020",9684.5,9602.2,9747.1,9574.5,716.61K,0.85%
"Feb 22, 2020",9655.7,9684.5,9706.5,9569.8,589.88K,-0.30%
"Feb 23, 2020",9942.7,9655.6,9965.6,9653.4,775.88K,2.97%
"Feb 24, 2020",9662.7,9943.2,9981,9507,980.00K,-2.82%
"Feb 25, 2020",9317.2,9662.6,9672.3,9269.8,937.97K,-3.57%
"Feb 26, 2020",8800.3,9317.1,9368.1,8672,1.32M,-5.55%
"Feb 27, 2020",8818.6,8800.1,8968.3,8538.5,1.13M,0.21%
"Feb 28, 2020",8697.5,8820.1,8898.7,8451.9,1.08M,-1.37%
"Feb 29, 2020",8543.7,8697.1,8793.7,8539.8,683.44K,-1.77%
"Mar 01, 2020",8540,8543.8,8737.2,8437.2,784.05K,-0.04%
"Mar 02, 2020",8904.8,8537.5,8961.8,8503.1,1.02M,4.27%
"Mar 03, 2020",8761.4,8906.1,8911.7,8669.3,1.01M,-1.61%
"Mar 04, 2020",8757.9,8761.3,8840.3,8679.7,759.69K,-0.04%
"Mar 05, 2020",9060.3,8757.9,9147.3,8751.5,950.76K,3.45%
"Mar 06, 2020",9134.8,9060.6,9165.2,9004.9,1.04M,0.82%
"Mar 07, 2020",8887.8,9134.2,9180.8,8848.7,750.65K,-2.70%
"Mar 08, 2020",8034.1,8887.8,8888,8015.3,1.11M,-9.61%
"Mar 09, 2020",7933,8035.8,8158.8,7648.7,1.54M,-1.26%
"Mar 10, 2020",7891.2,7933,8145.5,7740.2,1.20M,-0.53%
"Mar 11, 2020",7935.1,7892.1,7976.5,7606,1.10M,0.56%
"Mar 12, 2020",4826,7935.2,7963.1,4546.6,3.22M,-39.18%
"Mar 13, 2020",5584.3,4815.2,5934.3,3869.5,4.17M,15.71%
"Mar 14, 2020",5182.7,5589.4,5634.9,5072.2,1.69M,-7.19%
"Mar 15, 2020",5366.3,5182.9,5863.3,5120.6,1.61M,3.54%
"Mar 16, 2020",5030,5366.4,5369.3,4477.7,2.55M,-6.27%
"Mar 17, 2020",5261.1,5030.2,5432.8,4946.5,1.89M,4.59%
"Mar 18, 2020",5361.4,5260.7,5373.1,5020.9,1.80M,1.91%
"Mar 19, 2020",6172,5359.2,6379.5,5256,2.18M,15.12%
"Mar 20, 2020",6205.3,6171.6,6858.1,5748.2,2.22M,0.54%
"Mar 21, 2020",6186.2,6205.6,6438.3,5887,1.64M,-0.31%
"Mar 22, 2020",5822.1,6186.9,6394.4,5771.2,1.48M,-5.89%
"Mar 23, 2020",6468.9,5822,6564.7,5710.8,1.88M,11.11%
"Mar 24, 2020",6744.6,6468.8,6814.2,6380.8,1.73M,4.26%
"Mar 25, 2020",6678.9,6744.8,6930.2,6474.6,1.52M,-0.97%
"Mar 26, 2020",6725.1,6677.9,6772.9,6541.7,1.18M,0.69%
"Mar 27, 2020",6373.4,6725.5,6813.7,6322.3,1.16M,-5.23%
"Mar 28, 2020",6233.7,6373.4,6374.3,6046.5,1.26M,-2.19%
"Mar 29, 2020",5890.4,6233.2,6258.8,5889.3,916.17K,-5.51%
"Mar 30, 2020",6391,5890.4,6576.5,5872.5,1.43M,8.50%
"Mar 31, 2020",6412.5,6391.1,6513.1,6346.3,1.05M,0.34%
"Apr 01, 2020",6638.5,6412.4,6661.3,6157.4,1.40M,3.52%
"Apr 02, 2020",6800.5,6638.8,7182.7,6567.9,1.74M,2.44%
"Apr 03, 2020",6735.9,6799.9,7026.3,6623.6,1.35M,-0.95%
"Apr 04, 2020",6857.4,6735.9,6958.6,6679.1,1.05M,1.80%
"Apr 05, 2020",6772.7,6857.5,6889.4,6686,842.33K,-1.23%
"Apr 06, 2020",7332.3,6772.8,7335,6770.1,1.53M,8.26%
"Apr 07, 2020",7185.2,7332.3,7440.3,7101.7,1.32M,-2.01%
"Apr 08, 2020",7361.2,7185.6,7396.1,7153.1,983.94K,2.45%
"Apr 09, 2020",7289,7361.1,7361.1,7140.3,963.55K,-0.98%
"Apr 10, 2020",6863.1,7289,7294.4,6756.1,1.37M,-5.84%
"Apr 11, 2020",6867.8,6862.7,6931.4,6765.1,845.58K,0.07%
"Apr 12, 2020",6917.6,6867.9,7158.8,6785.1,1.10M,0.73%
"Apr 13, 2020",6841.3,6918.1,6920.3,6618.5,1.25M,-1.10%
"Apr 14, 2020",6850.9,6841.8,6970.8,6768.6,999.53K,0.14%
"Apr 15, 2020",6629.1,6851.3,6929.5,6615.9,1.00M,-3.24%
"Apr 16, 2020",7085.6,6629.1,7159.7,6520.5,1.54M,6.89%
"Apr 17, 2020",7035.8,7085.5,7142.8,7005.8,810.10K,-0.70%
"Apr 18, 2020",7230.8,7035.9,7259.4,7031.5,796.45K,2.77%
"Apr 19, 2020",7122.9,7230.9,7238,7079.1,5.93M,-1.49%
"Apr 20, 2020",6833.5,7122.9,7207.5,6771.2,1.26M,-4.06%
"Apr 21, 2020",6842.5,6833.4,6919.3,6774.3,892.57K,0.13%
"Apr 22, 2020",7112.9,6842.5,7137.4,6821.8,914.18K,3.95%
"Apr 23, 2020",7488.5,7112.8,7655.4,7036.5,1.34M,5.28%
"Apr 24, 2020",7503.8,7491.3,7583.5,7423.5,951.95K,0.20%
"Apr 25, 2020",7540.4,7503.9,7684.6,7451,861.93K,0.49%
"Apr 26, 2020",7678.9,7540.4,7679.4,7520.5,921.59K,1.84%
"Apr 27, 2020",7766,7679.4,7768.5,7637.7,980.50K,1.13%
"Apr 28, 2020",7746.9,7766,7770.1,7655.3,808.09K,-0.25%
"Apr 29, 2020",8770.9,7746.7,8918.5,7729.7,1.83M,13.22%
"Apr 30, 2020",8629,8770.6,9437.5,8425.5,2.04M,-1.62%
"May 01, 2020",8821.6,8628.6,9040.3,8621,1.11M,2.23%
"May 02, 2020",8966.3,8821.6,8986.2,8771.3,890.34K,1.64%
"May 03, 2020",8885.5,8966.2,9169.9,8742.2,1.15M,-0.90%
"May 04, 2020",8874.7,8885.5,8945.5,8553.2,1.12M,-0.12%
"May 05, 2020",9001,8874.2,9078.7,8800.4,1.05M,1.42%
"May 06, 2020",9151.4,9000.6,9373.7,8923.6,1.62M,1.67%
"May 07, 2020",9979.8,9152.7,10033,9064.8,1.91M,9.05%
"May 08, 2020",9806.2,9980.1,10018.2,9731.4,1.42M,-1.74%
"May 09, 2020",9554.6,9806,9910.5,9533.6,1.49M,-2.57%
"May 10, 2020",8738.8,9553.9,9569.4,8259.3,2.47M,-8.54%
"May 11, 2020",8579.8,8737.6,9129.6,8235.6,2.29M,-1.82%
"May 12, 2020",8813.8,8569.8,8964.5,8542.8,1.35M,2.73%
"May 13, 2020",9298.7,8813.9,9384.6,8799.1,1.50M,5.50%
"May 14, 2020",9778.4,9298.7,9887.5,9265.8,1.77M,5.16%
"May 15, 2020",9318,9778.6,9819.6,9223.2,1.56M,-4.71%
"May 16, 2020",9379.5,9318.1,9579,9233,1.10M,0.66%
"May 17, 2020",9677.7,9376.6,9866,9327.8,1.18M,3.18%
"May 18, 2020",9730.7,9678.4,9930.2,9524.4,1.18M,0.55%
"May 19, 2020",9773.3,9730.8,9883.9,9498.7,1.16M,0.44%
"May 20, 2020",9512.3,9773,9829.3,9368.4,1.15M,-2.67%
"May 21, 2020",9059,9511.6,9567.1,8833.6,1.41M,-4.76%
"May 22, 2020",9169.7,9058.2,9253.5,8952.1,914.59K,1.22%
"May 23, 2020",9177,9169.8,9303.2,9098.9,812.56K,0.08%
"May 24, 2020",8728.2,9177.9,9292,8724.1,1.11M,-4.89%
"May 25, 2020",8898.2,8728,8959.5,8666.1,941.89K,1.95%
"May 26, 2020",8842.5,8897.7,8994.6,8713.9,784.92K,-0.63%
"May 27, 2020",9199.1,8842.3,9210.9,8818.6,810.89K,4.03%
"May 28, 2020",9572.2,9199.8,9610.8,9119.2,948.86K,4.06%
"May 29, 2020",9424.8,9573.4,9596.5,9358.1,814.33K,-1.54%
"May 30, 2020",9692.5,9424.8,9729.9,9352.7,720.62K,2.84%
"May 31, 2020",9454.8,9692.9,9695.6,9406.2,645.27K,-2.45%
"Jun 01, 2020",10189.3,9454.5,10301.8,9429.7,796.68K,7.77%
"Jun 02, 2020",9527.6,10190.7,10207.3,9347.3,1.06M,-6.49%
"Jun 03, 2020",9667.2,9527,9667.2,9421.7,558.12K,1.47%
"Jun 04, 2020",9794.4,9667.2,9864.4,9490.9,593.66K,1.32%
"Jun 05, 2020",9631.2,9794,9846.1,9628.7,527.05K,-1.67%
"Jun 06, 2020",9669.6,9630.8,9733.1,9549.5,370.85K,0.40%
"Jun 07, 2020",9742.6,9669.6,9791.8,9417.4,549.20K,0.76%
"Jun 08, 2020",9777.9,9743.4,9788.2,9662.3,431.04K,0.36%
"Jun 09, 2020",9768.8,9777.7,9857.2,9616.6,479.55K,-0.09%
"Jun 10, 2020",9878.8,9768.8,9970.9,9710.7,533.55K,1.13%
"Jun 11, 2020",9283.2,9878.9,9945.2,9139.1,919.30K,-6.03%
"Jun 12, 2020",9466.6,9283.7,9547.5,9249.4,529.28K,1.97%
"Jun 13, 2020",9471.3,9466.5,9484.9,9369.9,364.97K,0.05%
"Jun 14, 2020",9345.3,9470.7,9474.7,9264.4,311.27K,-1.33%
"Jun 15, 2020",9425.4,9345.5,9489.7,8925.6,750.90K,0.86%
"Jun 16, 2020",9523.5,9425.6,9577.1,9379.3,545.47K,1.04%
"Jun 17, 2020",9464.6,9523.6,9543.6,9258.2,446.45K,-0.62%
"Jun 18, 2020",9388.1,9464.6,9480.4,9289.3,391.67K,-0.81%
"Jun 19, 2020",9314,9390.3,9424,9249.6,478.49K,-0.79%
"Jun 20, 2020",9358.8,9314,9394.5,9199.8,383.44K,0.48%
"Jun 21, 2020",9296.4,9358.8,9411.2,9288.5,335.99K,-0.67%
"Jun 22, 2020",9683.7,9296.5,9751.9,9285.8,523.32K,4.17%
"Jun 23, 2020",9624.6,9683.9,9715.6,9581.8,375.49K,-0.61%
"Jun 24, 2020",9302,9624.6,9667.4,9223,515.78K,-3.35%
"Jun 25, 2020",9247.5,9300.8,9327.3,9022.6,524.45K,-0.59%
"Jun 26, 2020",9160,9247.5,9296.5,9060.1,489.84K,-0.95%
"Jun 27, 2020",9008.3,9160.5,9190.5,8865.3,441.93K,-1.66%
"Jun 28, 2020",9124,9008.4,9185.5,8950.2,329.01K,1.28%
"Jun 29, 2020",9185.4,9122.8,9229.1,9033.6,401.12K,0.67%
"Jun 30, 2020",9135.4,9186,9199.8,9075.3,381.73K,-0.54%
"Jul 01, 2020",9229.9,9135.9,9289,9101.1,366.78K,1.03%
"Jul 02, 2020",9085.1,9229.9,9259.7,8962.1,483.10K,-1.57%
"Jul 03, 2020",9067.1,9085,9120.4,9050.9,333.88K,-0.20%
"Jul 04, 2020",9134.4,9067.1,9182.3,9049.6,261.25K,0.74%
"Jul 05, 2020",9081,9134.3,9149.6,8932.1,314.10K,-0.58%
"Jul 06, 2020",9339,9080.4,9363,9063.2,510.27K,2.84%
"Jul 07, 2020",9256,9338.8,9371.2,9209.3,420.55K,-0.89%
"Jul 08, 2020",9429.9,9256.3,9458.3,9233.1,509.94K,1.88%
"Jul 09, 2020",9235.7,9430.1,9434.5,9176,444.27K,-2.06%
"Jul 10, 2020",9285.1,9239,9309.8,9131.9,418.47K,0.53%
"Jul 11, 2020",9233.3,9285.8,9295.5,9184.2,353.92K,-0.56%
"Jul 12, 2020",9300.8,9234.2,9337.8,9170.4,366.88K,0.73%
"Jul 13, 2020",9243.6,9300.5,9329.6,9207.6,456.87K,-0.62%
"Jul 14, 2020",9253.4,9243.1,9274.8,9135.7,453.83K,0.11%
"Jul 15, 2020",9198.7,9253.6,9270.2,9168.7,429.84K,-0.59%
"Jul 16, 2020",9135.3,9198.7,9224.2,9052,429.04K,-0.69%
"Jul 17, 2020",9155.8,9135.4,9181.9,9091.5,310.92K,0.22%
"Jul 18, 2020",9170.2,9155.8,9198.8,9126.7,276.40K,0.16%
"Jul 19, 2020",9208,9170.1,9224.8,9106.4,265.25K,0.41%
"Jul 20, 2020",9162.4,9208.1,9218.4,9139.9,312.98K,-0.50%
"Jul 21, 2020",9387.3,9162.3,9426.9,9155.1,458.99K,2.46%
"Jul 22, 2020",9513.7,9387.4,9523.1,9296,386.00K,1.35%
"Jul 23, 2020",9599.6,9513.6,9646.5,9451.1,425.66K,0.90%
"Jul 24, 2020",9546.4,9599.2,9626.2,9480.5,359.16K,-0.55%
"Jul 25, 2020",9704.1,9546.7,9729.3,9536.2,306.29K,1.65%
"Jul 26, 2020",9932.5,9690,10086.6,9645.9,415.07K,2.35%
"Jul 27, 2020",11022.8,9932.7,11367,9894.6,908.99K,10.98%
"Jul 28, 2020",10908.5,10961.1,11046.1,10873.6,658.37K,-1.04%
"Jul 29, 2020",11105.9,10908.4,11336.5,10771.8,576.83K,1.81%
"Jul 30, 2020",11096.2,11105.8,11164.4,10861.6,501.14K,-0.09%
"Jul 31, 2020",11333.4,11096.5,11434.8,10964.6,530.95K,2.14%
"Aug 01, 2020",11803.1,11333.2,11847.7,11226.1,611.47K,4.14%
"Aug 02, 2020",11066.8,11802.6,12061.1,10730.7,647.95K,-6.24%
"Aug 03, 2020",11224.4,11066.9,11461.1,10981.6,470.24K,1.42%
"Aug 04, 2020",11184.7,11223.8,11407.8,11043,485.79K,-0.35%
"Aug 05, 2020",11735.1,11184.8,11771.5,11114.5,570.83K,4.92%
"Aug 06, 2020",11757.1,11735,11898.4,11563,554.85K,0.19%
"Aug 07, 2020",11592,11757.1,11901.8,11352.4,517.00K,-1.40%
"Aug 08, 2020",11764.3,11591.6,11805.5,11533.5,317.06K,1.49%
"Aug 09, 2020",11681.2,11764.4,11792.8,11527.5,303.00K,-0.71%
"Aug 10, 2020",11889.2,11681.1,12041.1,11546.9,564.11K,1.78%
"Aug 11, 2020",11390.4,11889.2,11931.8,11146.7,615.90K,-4.19%
"Aug 12, 2020",11557.2,11390.4,11605.4,11190.6,549.59K,1.46%
"Aug 13, 2020",11770.9,11557.2,11772.9,11298.4,545.67K,1.85%
"Aug 14, 2020",11750.8,11771.1,11835.5,11651.5,435.44K,-0.17%
"Aug 15, 2020",11845.3,11751.1,11964,11711.5,499.10K,0.80%
"Aug 16, 2020",11899,11845.5,11922.5,11688.9,410.81K,0.45%
"Aug 17, 2020",12282.6,11898.8,12444.1,11764,628.41K,3.22%
"Aug 18, 2020",11947.6,12283,12381.4,11842,606.79K,-2.73%
"Aug 19, 2020",11750.2,11944.4,12013.2,11602.6,550.26K,-1.65%
"Aug 20, 2020",11856.9,11751,11881,11672.7,430.93K,0.91%
"Aug 21, 2020",11529.2,11856.9,11877.4,11495.6,506.38K,-2.76%
"Aug 22, 2020",11661.3,11529.2,11677,11382.1,433.98K,1.15%
"Aug 23, 2020",11641.6,11661.1,11705.4,11520.8,377.33K,-0.17%
"Aug 24, 2020",11753.5,11641.6,11824.6,11587.1,429.13K,0.96%
"Aug 25, 2020",11324.8,11752.9,11766.9,11131,594.07K,-3.65%
"Aug 26, 2020",11462.3,11324.9,11533.6,11254.6,513.06K,1.21%
"Aug 27, 2020",11327.4,11462.3,11580.3,11135.3,560.59K,-1.18%
"Aug 28, 2020",11527.4,11327.5,11539,11281.9,464.94K,1.77%
"Aug 29, 2020",11468.1,11527.8,11576.8,11433.5,389.85K,-0.51%
"Aug 30, 2020",11702,11468.1,11704.2,11462.6,409.36K,2.04%
"Aug 31, 2020",11644.2,11701.1,11760.2,11563.8,496.14K,-0.49%
"Sep 01, 2020",11914.9,11644.2,12045.9,11544.6,580.69K,2.32%
"Sep 02, 2020",11413.3,11914.4,11947.5,11244.9,20.26M,-4.21%
"Sep 03, 2020",10168.8,11413.2,11442.7,10009.5,9.65M,-10.90%
"Sep 04, 2020",10472.5,10168.7,10614.2,9960.3,12.50M,2.99%
"Sep 05, 2020",10092.2,10472.3,10558.7,9897.8,14.72M,-3.63%
"Sep 06, 2020",10296.4,10092.2,10337.7,10004.7,12.12M,2.02%
"Sep 07, 2020",10376.9,10296.4,10400.9,9887,12.40M,0.78%
"Sep 08, 2020",10126.6,10376.9,10434.4,9877.1,113.90K,-2.41%
"Sep 09, 2020",10224.6,10126.8,10343.3,9984.6,71.37K,0.97%
"Sep 10, 2020",10339.7,10224.3,10480.3,10219.2,88.01K,1.13%
"Sep 11, 2020",10390.2,10339.8,10398.8,10212.6,62.28K,0.49%
"Sep 12, 2020",10441.9,10390.2,10476.8,10275.9,48.49K,0.50%
"Sep 13, 2020",10326,10441.7,10579.6,10219.4,66.12K,-1.11%
"Sep 14, 2020",10675.3,10332.7,10744.3,10264.5,96.64K,3.38%
"Sep 15, 2020",10785.3,10675.2,10931.8,10627.8,91.70K,1.03%
"Sep 16, 2020",10949.5,10785.2,11093.3,10669.2,94.94K,1.52%
"Sep 17, 2020",10941.3,10950.1,11039.3,10755.2,77.22K,-0.07%
"Sep 18, 2020",10933,10941.3,11029.7,10818.7,63.48K,-0.08%
"Sep 19, 2020",11081.8,10933,11177.1,10890.7,51.63K,1.36%
"Sep 20, 2020",10921.5,11081.6,11081.6,10772.7,53.39K,-1.45%
"Sep 21, 2020",10416.8,10919.9,10987.2,10328.5,109.85K,-4.62%
"Sep 22, 2020",10531.5,10419.4,10570.7,10361.7,63.52K,1.10%
"Sep 23, 2020",10237.3,10531.5,10535.4,10146.6,74.95K,-2.79%
"Sep 24, 2020",10739.4,10238.1,10787.8,10201,82.95K,4.90%
"Sep 25, 2020",10688.8,10739.9,10756,10558.9,71.43K,-0.47%
"Sep 26, 2020",10727.9,10688.9,10793.3,10650.2,37.85K,0.37%
"Sep 27, 2020",10776.2,10727.9,10799.2,10602.7,40.92K,0.45%
"Sep 28, 2020",10693.2,10776.4,10946.6,10685.2,72.29K,-0.77%
"Sep 29, 2020",10840.9,10694.3,10858.4,10642.4,59.64K,1.38%
"Sep 30, 2020",10776.1,10843.4,10847.7,10667.6,55.55K,-0.60%
"Oct 01, 2020",10620.5,10776.6,10913.7,10462.7,95.33K,-1.44%
"Oct 02, 2020",10572.3,10619.6,10662.9,10387.6,77.94K,-0.45%
"Oct 03, 2020",10544.2,10572.2,10597.8,10501.2,29.10K,-0.27%
"Oct 04, 2020",10672.9,10544.4,10693.3,10520.8,31.40K,1.22%
"Oct 05, 2020",10789.5,10672.5,10789.6,10623.4,48.86K,1.09%
"Oct 06, 2020",10602.6,10790.2,10800.3,10530.8,69.07K,-1.73%
"Oct 07, 2020",10670.9,10601,10680.1,10553.3,49.27K,0.64%
"Oct 08, 2020",10924.1,10670.7,10948.6,10549.6,79.78K,2.37%
"Oct 09, 2020",11054.2,10923.5,11103,10836.9,70.95K,1.19%
"Oct 10, 2020",11298.4,11053.5,11475,11053.1,65.81K,2.21%
"Oct 11, 2020",11371,11295.6,11439.4,11277.6,41.06K,0.64%
"Oct 12, 2020",11533.9,11370.8,11715.9,11227.4,84.02K,1.43%
"Oct 13, 2020",11423.8,11533.5,11558,11315.9,64.67K,-0.95%
"Oct 14, 2020",11420.4,11424.4,11541,11293.5,59.12K,-0.03%
"Oct 15, 2020",11503,11421.4,11590.9,11276.7,70.84K,0.72%
"Oct 16, 2020",11322,11503.2,11542.2,11224.6,71.42K,-1.57%
"Oct 17, 2020",11362.1,11321.8,11402.7,11274.4,29.86K,0.35%
"Oct 18, 2020",11506.9,11362.1,11506.9,11349.8,31.51K,1.27%
"Oct 19, 2020",11753.4,11507.1,11823.3,11413.9,73.04K,2.14%
"Oct 20, 2020",11913.5,11753.9,12029.4,11685.7,94.59K,1.36%
"Oct 21, 2020",12808.7,11913.6,13213.5,11894.6,197.72K,7.51%
"Oct 22, 2020",12974.6,12805.5,13183.9,12698.2,113.31K,1.30%
"Oct 23, 2020",12934.1,12972.7,13025.5,12738.9,73.94K,-0.31%
"Oct 24, 2020",13117.2,12933.6,13161.5,12876.4,51.20K,1.42%
"Oct 25, 2020",13032.2,13117,13345.3,12900.4,59.73K,-0.65%
"Oct 26, 2020",13061.6,13033,13229.7,12792.4,89.47K,0.23%
"Oct 27, 2020",13657.8,13061.5,13782.3,13050.3,128.64K,4.56%
"Oct 28, 2020",13278.9,13658.3,13851.7,12907.6,144.18K,-2.77%
"Oct 29, 2020",13457.2,13278.3,13640,12982.9,111.23K,1.34%
"Oct 30, 2020",13559.9,13457,13667.9,13134.5,108.77K,0.76%
"Oct 31, 2020",13797.3,13560.2,14065.4,13441.7,102.75K,1.75%
"Nov 01, 2020",13759.4,13795.5,13889.5,13628.7,51.71K,-0.27%
"Nov 02, 2020",13561.4,13759.7,13828.4,13214.2,97.76K,-1.44%
"Nov 03, 2020",14019.9,13560.5,14054,13294.6,108.17K,3.38%
"Nov 04, 2020",14145.6,14023,14238.8,13544.4,140.80K,0.90%
"Nov 05, 2020",15587.1,14145.6,15739.9,14099.7,227.49K,10.19%
"Nov 06, 2020",15577.9,15593.9,15955.2,15223.5,186.13K,-0.06%
"Nov 07, 2020",14828.4,15578.2,15754.4,14385.1,160.73K,-4.81%
"Nov 08, 2020",15483.7,14826.6,15648.3,14720.7,94.99K,4.42%
"Nov 09, 2020",15327.2,15483.3,15819.6,14816.9,165.04K,-1.01%
"Nov 10, 2020",15303.6,15328,15465.3,15096.5,93.36K,-0.15%
"Nov 11, 2020",15695.8,15303.1,15953.9,15281,119.07K,2.56%
"Nov 12, 2020",16294.7,15695.8,16342.7,15483.5,165.54K,3.82%
"Nov 13, 2020",16324.2,16293,16474.1,15973.4,113.75K,0.18%
"Nov 14, 2020",16071,16323.1,16328.2,15717.7,83.64K,-1.55%
"Nov 15, 2020",15953,16074.7,16158.1,15782.3,58.43K,-0.73%
"Nov 16, 2020",16715.8,15954.1,16880.7,15870.7,118.09K,4.78%
"Nov 17, 2020",17662.3,16715.8,17845.4,16562,175.87K,5.66%
"Nov 18, 2020",17774.6,17662.3,18466.1,17258.9,233.43K,0.64%
"Nov 19, 2020",17803.5,17775.1,18166,17380.1,135.94K,0.16%
"Nov 20, 2020",18675.2,17805.5,18811,17758.4,134.42K,4.90%
"Nov 21, 2020",18687.2,18673.8,18966,18397.5,108.91K,0.06%
"Nov 22, 2020",18412.9,18689.3,18751.5,17644.6,121.76K,-1.47%
"Nov 23, 2020",18379.6,18428.1,18756.8,18016,127.35K,-0.18%
"Nov 24, 2020",19152.6,18394.6,19416.6,18074.8,180.79K,4.21%
"Nov 25, 2020",18723,19151.5,19486.7,18527.7,146.12K,-2.24%
"Nov 26, 2020",17162,18721.9,18894.9,16235.2,312.07K,-8.34%
"Nov 27, 2020",17127.1,17160.9,17450.3,16481.6,138.80K,-0.20%
"Nov 28, 2020",17730.7,17142.6,17874.4,16874.4,95.20K,3.52%
"Nov 29, 2020",18185.5,17729.7,18336.3,17530.4,79.12K,2.57%
"Nov 30, 2020",19698.1,18186,19831.2,18186,185.59K,8.32%
"Dec 01, 2020",18770.7,19697.8,19897.4,18257,208.72K,-4.71%
"Dec 02, 2020",19218.8,18767.9,19335.5,18346.7,91.92K,2.39%
"Dec 03, 2020",19433.3,19219.8,19596.6,18883.7,99.97K,1.12%
"Dec 04, 2020",18658.1,19431.1,19529.5,18610.8,110.63K,-3.99%
"Dec 05, 2020",19146.5,18657.5,19172.7,18507.1,59.44K,2.62%
"Dec 06, 2020",19379.9,19146,19417.1,18873,54.56K,1.22%
"Dec 07, 2020",19170.7,19368.4,19424.6,18908.8,61.98K,-1.08%
"Dec 08, 2020",18326.6,19170.8,19288.6,18229.2,101.41K,-4.40%
"Dec 09, 2020",18546,18322.4,18637.9,17658.8,129.72K,1.20%
"Dec 10, 2020",18247.2,18546.1,18551.8,17926.8,85.31K,-1.61%
"Dec 11, 2020",18023.6,18250.5,18288.3,17600.1,111.53K,-1.23%
"Dec 12, 2020",18808.9,18026.7,18936.2,18025.1,71.37K,4.36%
"Dec 13, 2020",19176.8,18808.1,19403.6,18716.8,82.45K,1.96%
"Dec 14, 2020",19273.8,19176.4,19346.5,19007,67.11K,0.51%
"Dec 15, 2020",19434.9,19273.9,19556.3,19076.2,98.39K,0.84%
"Dec 16, 2020",21352.2,19434.7,21525.3,19299.7,199.81K,9.87%
"Dec 17, 2020",22825.4,21352.3,23738,21243.1,310.74K,6.90%
"Dec 18, 2020",23127.9,22823.3,23272.8,22361.5,131.80K,1.33%
"Dec 19, 2020",23844,23127.6,24107.1,22797,133.88K,3.10%
"Dec 20, 2020",23474.9,23843.6,24280.9,23098.9,114.09K,-1.55%
"Dec 21, 2020",22728.5,23474.1,24101.9,22015.5,154.69K,-3.18%
"Dec 22, 2020",23823.2,22730.4,23825.4,22388.6,130.75K,4.82%
"Dec 23, 2020",23257.9,23820.8,24063.7,22694.7,178.47K,-2.37%
"Dec 24, 2020",23736.5,23253.2,23783.7,22737.3,104.59K,2.06%
"Dec 25, 2020",24689.6,23728.7,24778.9,23445.3,2.40K,4.02%
"Dec 26, 2020",26454.4,24714.7,26826,24515.1,155.77K,7.15%
"Dec 27, 2020",26261.3,26460.3,28360.3,25858.2,231.23K,-0.73%
"Dec 28, 2020",27057.8,26259.2,27444.9,26144.3,126.98K,3.03%
"Dec 29, 2020",27376,27065.3,27390.7,25902.8,119.57K,1.18%
"Dec 30, 2020",28868.7,27374.5,28979.3,27374.5,159.82K,5.45%
"Dec 31, 2020",28949.4,28866.8,29298.8,28025,136.69K,0.28%